id,author,depth,source,timestamp,long,lat,elevation
02Ce7B0p,Bobby Liebs,223,MountainHub,Sun Mar 19 2017 03:16:32 GMT+0000 (UTC),-145.6837446,61.16554486,820.4415894
0aq0tQuj,Katreen Wikstrom Jones,142,MountainHub,Sun Apr 30 2017 20:49:14 GMT+0000 (UTC),-145.725198,61.13287434,896.7874756
0Bwfedxb,Bobby Liebs,26,MountainHub,Sun Mar 19 2017 04:07:03 GMT+0000 (UTC),-145.6999961,61.18090382,720.3382568
0Rz5yxZm,Katreen Wikstrom Jones,86,MountainHub,Sun Apr 30 2017 22:41:34 GMT+0000 (UTC),-145.7481406,61.14728593,793.9481812
0Sp/ETjs,Katreen Wikstrom Jones,77,MountainHub,Sun Apr 30 2017 22:59:11 GMT+0000 (UTC),-145.7493762,61.14799873,809.5413818
0uvOqe13,Katreen Wikstrom Jones,81,MountainHub,Sun Apr 30 2017 18:18:30 GMT+0000 (UTC),-145.7356158,61.13267502,828.4591675
0xPocbHk,Kevin Salys,174.9999934,MountainHub,Mon May 01 2017 18:43:45 GMT+0000 (UTC),-145.7339518,61.13543374,820.7919922
1kpM7T9J,Gabriel Wolken,100,MountainHub,Sun Mar 19 2017 00:38:47 GMT+0000 (UTC),-145.7384513,61.13870253,794.7061768
1+xvCeUS,Gabriel Wolken,201,MountainHub,Sat Mar 18 2017 23:31:07 GMT+0000 (UTC),-145.714624,61.14168552,823.4140625
1YQxgifV,Kevin Salys,77.99999706,MountainHub,Mon May 01 2017 19:12:12 GMT+0000 (UTC),-145.7242523,61.13495234,867.7991333
22MaVGKM,Bobby Liebs,155,MountainHub,Sat Mar 18 2017 22:03:52 GMT+0000 (UTC),-145.8620202,61.26207685,985.4051514
2Kq+kTdd,Katreen Wikstrom Jones,124,MountainHub,Sun Apr 30 2017 23:21:10 GMT+0000 (UTC),-145.7413857,61.14841217,753.5678711
2Sondqtm,Katreen Wikstrom Jones,142,MountainHub,Sun Apr 30 2017 20:28:29 GMT+0000 (UTC),-145.7255633,61.13224469,891.3108521
3IRKnjOw,Katreen Wikstrom Jones,78,MountainHub,Sun Apr 30 2017 22:54:06 GMT+0000 (UTC),-145.7512973,61.14741883,820.3161621
3pPAKCfn,Gabriel Wolken,150,MountainHub,Sun Apr 30 2017 20:02:27 GMT+0000 (UTC),-145.7267431,61.13303519,880.168457
3uCY/4Xo,Naomi F. Ray,80,MountainHub,Sun Apr 30 2017 22:05:09 GMT+0000 (UTC),-145.7182121,61.16137424,704.3972168
3v6lmLvT,Benjamin Stolen,79.99999699,MountainHub,Fri Mar 17 2017 22:55:38 GMT+0000 (UTC),-145.5211438,61.19523639,664.6881104
43WWwqeD,Katreen Wikstrom Jones,160,MountainHub,Sun Apr 30 2017 22:34:44 GMT+0000 (UTC),-145.7479828,61.14606088,813.2510376
44MG80JV,Gabriel Wolken,204,MountainHub,Sun Apr 30 2017 19:24:18 GMT+0000 (UTC),-145.732339,61.13283411,849.1559448
44ORX5Dc,Gabriel Wolken,111,MountainHub,Sun Apr 30 2017 20:23:46 GMT+0000 (UTC),-145.7274639,61.13323925,874.9509277
4a5sd2aX,Gabriel Wolken,2,MountainHub,Fri Mar 17 2017 22:02:59 GMT+0000 (UTC),-145.7546693,61.13493474,844.9263916
4p3AO1uj,Gabriel Wolken,124,MountainHub,Sun Mar 19 2017 01:12:12 GMT+0000 (UTC),-145.7091924,61.15571561,745.324585
4rAkwA+I,Katreen Wikstrom Jones,49,MountainHub,Sun Apr 30 2017 20:24:08 GMT+0000 (UTC),-145.7269193,61.13212667,879.7208862
50JqOKNS,Gabriel Wolken,26,MountainHub,Sun Mar 19 2017 01:23:25 GMT+0000 (UTC),-145.6991983,61.15639283,826.0325317
50MI8OnJ,Katreen Wikstrom Jones,23,MountainHub,Sat Mar 18 2017 23:49:27 GMT+0000 (UTC),-145.7151617,61.1402054,864.0693359
54UkIFh1,Bobby Liebs,190,MountainHub,Wed Mar 22 2017 02:13:37 GMT+0000 (UTC),-145.6365828,61.15469755,1508.918213
58lv9s7h,Gabriel Wolken,44,MountainHub,Sun Apr 30 2017 23:29:26 GMT+0000 (UTC),-145.7660036,61.13904024,862.4925537
58VosD1n,Bobby Liebs,65,MountainHub,Sun Mar 19 2017 03:50:14 GMT+0000 (UTC),-145.6930283,61.17986191,697.5512695
59qPLSI3,Katreen Wikstrom Jones,197,MountainHub,Fri Mar 17 2017 22:40:57 GMT+0000 (UTC),-145.7609473,61.13391177,858.156189
5AGffgLI,Bobby Liebs,200,MountainHub,Sun Mar 19 2017 22:52:42 GMT+0000 (UTC),-145.346946,61.40724387,1325.939087
5+E0IkNI,Naomi F. Ray,80,MountainHub,Sun Apr 30 2017 23:00:59 GMT+0000 (UTC),-145.7242629,61.15777572,706.7220459
5JYYwosI,Kevin Salys,39.99999849,MountainHub,Mon May 01 2017 19:35:51 GMT+0000 (UTC),-145.7321101,61.13329376,852.5789795
5K+H+Aes,Bobby Liebs,201,MountainHub,Sun Mar 19 2017 03:13:30 GMT+0000 (UTC),-145.6885267,61.16928713,697.5269165
5KtTds25,Katreen Wikstrom Jones,190,MountainHub,Sun Apr 30 2017 18:52:26 GMT+0000 (UTC),-145.7247934,61.12909364,873.5586548
5mYGd87W,Katreen Wikstrom Jones,170,MountainHub,Sun Apr 30 2017 23:07:08 GMT+0000 (UTC),-145.7473435,61.14792359,785.711853
5OrPCa3u,Gabriel Wolken,107,MountainHub,Sun Apr 30 2017 20:11:24 GMT+0000 (UTC),-145.7272093,61.13292937,876.8322754
5RIJ0yrX,Gabriel Wolken,54,MountainHub,Sun Mar 19 2017 00:58:49 GMT+0000 (UTC),-145.7190236,61.14884279,740.5445557
5VKLVWZW,Gabriel Wolken,115,MountainHub,Sat Mar 18 2017 23:09:26 GMT+0000 (UTC),-145.7308381,61.14179767,746.9545898
68zRby1v,Katreen Wikstrom Jones,90,MountainHub,Sat Mar 18 2017 18:33:55 GMT+0000 (UTC),-145.7448188,61.1438025,743.1056519
6BIbbpVp,Bobby Liebs,115,MountainHub,Sun Mar 19 2017 21:46:46 GMT+0000 (UTC),-145.3468192,61.40688005,1328.106079
6dQnm8Kh,Katreen Wikstrom Jones,112,MountainHub,Sun Apr 30 2017 19:42:22 GMT+0000 (UTC),-145.713684,61.13100379,946.1928101
6jzTSh9M,Bobby Liebs,141,MountainHub,Sun Mar 19 2017 03:08:43 GMT+0000 (UTC),-145.6856574,61.17300874,650.069519
6PYAVkYQ,Katreen Wikstrom Jones,188,MountainHub,Sun Apr 30 2017 19:13:43 GMT+0000 (UTC),-145.7163285,61.12827653,859.9663086
6RPr6L9H,Gabriel Wolken,96,MountainHub,Sun Apr 30 2017 19:12:11 GMT+0000 (UTC),-145.7325365,61.1329569,849.1222534
6W7BkXpD,Katreen Wikstrom Jones,54,MountainHub,Sat Mar 18 2017 23:43:46 GMT+0000 (UTC),-145.7146214,61.14046063,864.5697632
6wxIDgah,Gabriel Wolken,141,MountainHub,Sat Mar 18 2017 22:56:13 GMT+0000 (UTC),-145.7302857,61.1414883,753.4462891
6Y2+WxE1,Sarah Carter,80,MountainHub,Fri Mar 17 2017 22:30:07 GMT+0000 (UTC),-145.5169417,61.18815274,912.5192871
72baFV+Q,Katreen Wikstrom Jones,163,MountainHub,Sun Apr 30 2017 18:58:09 GMT+0000 (UTC),-145.7227167,61.12834665,863.1695557
79S3Wsoe,AK Rendezvous,175,SnowPilot,Wed Mar 15 2017 20:37:56 GMT+0000 (UTC),-145.253334,61.231154,995.5375977
7kM/q2Fe,Katreen Wikstrom Jones,48,MountainHub,Sun Apr 30 2017 19:33:29 GMT+0000 (UTC),-145.7135455,61.13032767,923.4926147
7MZV8Uk4,Gabriel Wolken,83,MountainHub,Sun Mar 19 2017 00:37:11 GMT+0000 (UTC),-145.7385706,61.13883224,793.9399414
7ou/ubAM,Naomi F. Ray,180,MountainHub,Fri May 05 2017 21:57:07 GMT+0000 (UTC),-145.7996422,61.13926334,1646.670898
7U58hXq/,Katreen Wikstrom Jones,95,MountainHub,Sun Apr 30 2017 20:55:03 GMT+0000 (UTC),-145.7269061,61.13352042,877.1671753
7w2D8MXW,Gabriel Wolken,85,MountainHub,Sun Mar 19 2017 00:40:33 GMT+0000 (UTC),-145.7382773,61.13879737,795.1445313
7yS8BKgL,Bobby Liebs,125,MountainHub,Sat Mar 18 2017 20:36:34 GMT+0000 (UTC),-145.8551945,61.26231154,969.5188599
8gTyh2ui,Katreen Wikstrom Jones,79,MountainHub,Sat Mar 18 2017 23:01:50 GMT+0000 (UTC),-145.7308762,61.14136575,755.2722168
8+l2dBxz,Katreen Wikstrom Jones,127,MountainHub,Sat Mar 18 2017 23:33:33 GMT+0000 (UTC),-145.7147355,61.14161201,824.480896
8mVLYNqS,Katreen Wikstrom Jones,91,MountainHub,Sat Mar 18 2017 22:38:29 GMT+0000 (UTC),-145.7260568,61.14237204,749.6713257
8PzdpgUi,Katreen Wikstrom Jones,125,MountainHub,Sun Apr 30 2017 23:36:08 GMT+0000 (UTC),-145.7447569,61.14691746,788.3255005
8WRqD71i,Sarah Carter,260,MountainHub,Wed Apr 12 2017 22:44:02 GMT+0000 (UTC),-145.4433031,61.17998938,1244.859253
8X1aBXNj,Max Wittenberg,135,SnowPilot,Sun Apr 02 2017 23:26:06 GMT+0000 (UTC),-145.640259,61.240297,1258.11499
94qao4P5,Katreen Wikstrom Jones,120,MountainHub,Sat Mar 18 2017 22:45:49 GMT+0000 (UTC),-145.7244323,61.14368855,739.1286621
#NAME?,Katreen Wikstrom Jones,80,MountainHub,Sun Apr 30 2017 22:39:06 GMT+0000 (UTC),-145.7479687,61.14665989,805.1121216
/9ShiXVi,Sarah Carter,110,MountainHub,Tue Mar 21 2017 01:34:30 GMT+0000 (UTC),-145.6892104,61.17539514,661.0253296
9Vx0s9z5,Bobby Liebs,221,MountainHub,Wed Mar 22 2017 01:39:23 GMT+0000 (UTC),-145.6153405,61.17048918,1178.418945
A4IIh/qj,Kevin Salys,171.9999935,MountainHub,Mon May 01 2017 19:33:04 GMT+0000 (UTC),-145.7308547,61.13357889,857.3771362
AbbZNQTx,Katreen Wikstrom Jones,244,MountainHub,Sat Mar 18 2017 23:13:40 GMT+0000 (UTC),-145.729401,61.14110009,763.9255981
AbP69IYu,Katreen Wikstrom Jones,94,MountainHub,Fri Mar 17 2017 20:43:47 GMT+0000 (UTC),-145.7664074,61.13804216,864.3649902
ACGpKHy+,Katreen Wikstrom Jones,0,MountainHub,Sat Mar 18 2017 18:26:21 GMT+0000 (UTC),-145.7448901,61.14415676,750.4569702
AnaoJ0uI,Katreen Wikstrom Jones,119,MountainHub,Sun Apr 30 2017 18:38:24 GMT+0000 (UTC),-145.7292436,61.1295629,846.5354614
aR8QQPh9,Bobby Liebs,147,MountainHub,Wed Mar 22 2017 02:54:41 GMT+0000 (UTC),-145.6539687,61.16851302,966.4434814
AT25z9Zs,Bobby Liebs,116,MountainHub,Sat Mar 18 2017 20:38:56 GMT+0000 (UTC),-145.8541282,61.26148442,960.0637207
AvkKsbow,Kevin Salys,239.999991,MountainHub,Thu Apr 13 2017 07:29:21 GMT+0000 (UTC),-145.775931,61.18249024,1719.303955
a/xwFldb,Katreen Wikstrom Jones,124,MountainHub,Sun Apr 30 2017 21:08:16 GMT+0000 (UTC),-145.7320915,61.13464246,839.7768555
B0mPMLmt,Naomi F. Ray,116,MountainHub,Sat Apr 29 2017 22:16:35 GMT+0000 (UTC),-145.7516617,61.13945361,778.9891968
B0yCYQCd,Kevin Salys,141.9999947,MountainHub,Sat Mar 25 2017 20:35:50 GMT+0000 (UTC),-145.2976391,61.22399512,1303.172363
b1FlC8/s,Kevin Salys,151.9999943,MountainHub,Mon May 01 2017 19:08:52 GMT+0000 (UTC),-145.7247478,61.13523775,857.2554321
b2ZP8O8c,Bobby Liebs,0,MountainHub,Tue Apr 25 2017 17:01:41 GMT+0000 (UTC),-145.5498152,61.2016171,495.1854858
BBtIBhus,Kevin Salys,23.9999991,MountainHub,Mon May 01 2017 19:25:30 GMT+0000 (UTC),-145.7274165,61.13363251,872.2891235
bhk4NB1h,Bobby Liebs,160,MountainHub,Sat Mar 18 2017 20:12:16 GMT+0000 (UTC),-145.8406622,61.25866177,891.7089233
bI27IuLj,Katreen Wikstrom Jones,77,MountainHub,Sun Apr 30 2017 20:32:25 GMT+0000 (UTC),-145.7267903,61.13218158,880.7978516
B/KYH1BJ,Gabriel Wolken,153,MountainHub,Sun Apr 30 2017 19:40:09 GMT+0000 (UTC),-145.7329809,61.132894,846.8856812
BoCxarUd,Katreen Wikstrom Jones,116,MountainHub,Sun Apr 30 2017 18:14:16 GMT+0000 (UTC),-145.7361097,61.13219159,825.1099854
brxTTXv4,Katreen Wikstrom Jones,158,MountainHub,Sat Mar 18 2017 18:57:56 GMT+0000 (UTC),-145.7505381,61.14336848,788.8303833
btykjB9n,Bobby Liebs,138,MountainHub,Sun Mar 19 2017 03:19:54 GMT+0000 (UTC),-145.6797448,61.16258194,944.2567139
Bu+GUX5I,Katreen Wikstrom Jones,182,MountainHub,Fri Mar 17 2017 21:41:58 GMT+0000 (UTC),-145.7529754,61.13740195,811.4720459
Bum35boK,Kevin Salys,149.9999943,MountainHub,Fri Mar 17 2017 10:25:12 GMT+0000 (UTC),-146.3277787,61.07290237,230.8287659
BzLgmVre,Katreen Wikstrom Jones,119,MountainHub,Sun Apr 30 2017 23:28:53 GMT+0000 (UTC),-145.7425525,61.14804491,759.9269409
c3p5EuQ8,Katreen Wikstrom Jones,57,MountainHub,Sun Mar 19 2017 00:26:35 GMT+0000 (UTC),-145.7404138,61.14011345,751.5344238
c5CP+2CP,Sarah Carter,230,MountainHub,Wed Apr 12 2017 19:43:43 GMT+0000 (UTC),-145.5651388,61.14685891,1476.862915
+c75O/0H,Gabriel Wolken,134,MountainHub,Fri Mar 17 2017 20:21:03 GMT+0000 (UTC),-145.7566715,61.14126735,806.1708374
c7RKhTMN,Sarah Carter,80,MountainHub,Mon Apr 17 2017 22:58:27 GMT+0000 (UTC),-146.0090722,61.05972205,55.15274048
cC5Rxai0,Katreen Wikstrom Jones,148,MountainHub,Sun Apr 30 2017 23:09:33 GMT+0000 (UTC),-145.7464796,61.14793951,774.8501587
CDTDvjZb,Katreen Wikstrom Jones,68,MountainHub,Sun Apr 30 2017 22:48:54 GMT+0000 (UTC),-145.7502833,61.14690619,815.5335083
Ci4qPy6i,Bobby Liebs,158,MountainHub,Sat Mar 18 2017 19:57:11 GMT+0000 (UTC),-145.7778763,61.25672899,671.9521484
ciIxB47D,Naomi F. Ray,100,MountainHub,Sun Apr 30 2017 23:45:52 GMT+0000 (UTC),-145.7098588,61.16484106,643.4404907
cIUi1+l9,Katreen Wikstrom Jones,102,MountainHub,Sun Apr 30 2017 18:44:21 GMT+0000 (UTC),-145.7287903,61.12919196,846.0305176
CKcCHD2j,Sarah Carter,160,MountainHub,Wed Apr 12 2017 20:20:03 GMT+0000 (UTC),-145.474628,61.17036491,1380.921509
cmZhj9VF,Katreen Wikstrom Jones,300,MountainHub,Sun Apr 30 2017 18:49:30 GMT+0000 (UTC),-145.7261494,61.12941509,870.593689
cTkF9wLp,Katreen Wikstrom Jones,23,MountainHub,Fri Mar 17 2017 20:45:37 GMT+0000 (UTC),-145.7668901,61.13803541,867.8247681
cwtTz/Wo,Katreen Wikstrom Jones,129,MountainHub,Sat Mar 18 2017 18:18:39 GMT+0000 (UTC),-145.7479735,61.14303145,754.3983154
CWUMf1aM,Katreen Wikstrom Jones,79,MountainHub,Fri Mar 17 2017 20:36:19 GMT+0000 (UTC),-145.7603158,61.13951071,822.4551392
CxBUvlS5,Sarah Carter,120,MountainHub,Sat Feb 11 2017 23:07:13 GMT+0000 (UTC),-145.8685295,61.08627454,453.9526978
D1UkdsZK,Sarah Carter,135,MountainHub,Mon Mar 27 2017 21:02:30 GMT+0000 (UTC),-145.7144651,61.15662778,721.5183105
d3VM3TiI,Bobby Liebs,148,MountainHub,Tue Apr 25 2017 16:28:36 GMT+0000 (UTC),-145.7086733,61.16647374,647.0637207
d7YVucUV,Katreen Wikstrom Jones,147,MountainHub,Sun Mar 19 2017 01:00:46 GMT+0000 (UTC),-145.717974,61.14899714,743.9528809
df55K4vj,Peter Biskind,350,MountainHub,Thu Apr 27 2017 02:47:51 GMT+0000 (UTC),-145.7350678,61.13858671,804.8483887
dFd0srtA,Bobby Liebs,252,MountainHub,Tue Mar 28 2017 02:22:41 GMT+0000 (UTC),-145.7007299,61.17917958,706.0327148
DgbWN6Mm,Katreen Wikstrom Jones,53,MountainHub,Sun Apr 30 2017 18:33:37 GMT+0000 (UTC),-145.7306383,61.13053981,845.7164917
dGGEK7FX,Kevin Salys,254.9999904,MountainHub,Sat Mar 25 2017 22:28:08 GMT+0000 (UTC),-145.2830395,61.21552013,1567.878052
DIxsxtUI,Naomi F. Ray,120,MountainHub,Fri May 05 2017 22:15:14 GMT+0000 (UTC),-145.7802266,61.14277467,1300.072388
DIyGYtif,Katreen Wikstrom Jones,56,MountainHub,Fri Mar 17 2017 23:15:47 GMT+0000 (UTC),-145.7718489,61.13361052,885.5422363
drAI2gI8,Sarah Carter,160,MountainHub,Wed Apr 12 2017 21:39:01 GMT+0000 (UTC),-145.4563456,61.15810545,1649.591064
DrBdXsKC,Naomi F. Ray,100,MountainHub,Sun Apr 30 2017 23:09:27 GMT+0000 (UTC),-145.7242629,61.15777572,706.7220459
Drzce6vA,Max Wittenberg,145,SnowPilot,Thu Mar 23 2017 05:53:46 GMT+0000 (UTC),-145.692701,61.003107,1126.212402
dtIy7PXm,Bobby Liebs,62,MountainHub,Sun Mar 19 2017 04:09:59 GMT+0000 (UTC),-145.6941901,61.18159231,713.4902954
DUQf6+w1,Katreen Wikstrom Jones,149,MountainHub,Sat Mar 18 2017 18:09:46 GMT+0000 (UTC),-145.7478009,61.14265807,750.4553223
dxrgCCWq,Katreen Wikstrom Jones,153,MountainHub,Sun Apr 30 2017 23:32:18 GMT+0000 (UTC),-145.7432495,61.14742692,776.9096069
Dzqf7ymk,Gabriel Wolken,63,MountainHub,Sun Mar 19 2017 00:57:17 GMT+0000 (UTC),-145.7183935,61.14884304,743.7849731
e8YIlers,Sarah Carter,190,MountainHub,Tue Apr 11 2017 22:16:24 GMT+0000 (UTC),-145.7055634,61.15395176,793.2316284
eAHvfyhA,Katreen Wikstrom Jones,78,MountainHub,Sun Apr 30 2017 19:45:16 GMT+0000 (UTC),-145.7154965,61.13110873,947.9648438
eCcKTxAg,Gabriel Wolken,129,MountainHub,Sun Apr 30 2017 19:36:50 GMT+0000 (UTC),-145.7332257,61.13297547,846.4624023
edGKGbJh,Katreen Wikstrom Jones,256,MountainHub,Sun Apr 30 2017 18:54:41 GMT+0000 (UTC),-145.7233842,61.12892143,874.3355103
EDwKRACL,Katreen Wikstrom Jones,112,MountainHub,Sat Mar 18 2017 23:03:49 GMT+0000 (UTC),-145.731425,61.14096086,763.1060181
efstlIlR,Bobby Liebs,160,MountainHub,Sat Mar 18 2017 20:11:47 GMT+0000 (UTC),-145.8408265,61.25865649,892.5802002
elh+gUTn,Katreen Wikstrom Jones,214,MountainHub,Sun Apr 30 2017 23:00:49 GMT+0000 (UTC),-145.7490321,61.14791256,804.2874146
ENjzS6Ov,Katreen Wikstrom Jones,300,MountainHub,Sun Apr 30 2017 20:01:54 GMT+0000 (UTC),-145.7249023,61.13080062,901.2151489
EPbLdSsF,Katreen Wikstrom Jones,284,MountainHub,Fri Mar 17 2017 19:57:18 GMT+0000 (UTC),-145.7523998,61.14221786,777.6777954
EQEMut/H,Katreen Wikstrom Jones,205,MountainHub,Fri Mar 17 2017 19:50:39 GMT+0000 (UTC),-145.7519024,61.14235012,777.8465576
eqK3t6qG,Kevin Salys,239.999991,MountainHub,Mon May 01 2017 19:30:16 GMT+0000 (UTC),-145.7296241,61.13359182,862.5401611
eSaUbdWc,Kevin Salys,139.9999947,MountainHub,Fri Apr 07 2017 20:24:29 GMT+0000 (UTC),-145.821207,61.16220896,1733.978149
/eTizyOb,Katreen Wikstrom Jones,31,MountainHub,Fri Mar 17 2017 20:47:46 GMT+0000 (UTC),-145.7672794,61.13784351,869.5477295
euqm+m9E,Sarah Carter,120,MountainHub,Tue Apr 11 2017 20:54:05 GMT+0000 (UTC),-145.7055366,61.15392488,793.7835693
Ewaq5uKQ,Bobby Liebs,120,MountainHub,Sun Mar 19 2017 03:58:25 GMT+0000 (UTC),-145.7055897,61.18005691,769.7938843
eY1AE9kT,Katreen Wikstrom Jones,153,MountainHub,Sat Mar 18 2017 18:50:18 GMT+0000 (UTC),-145.7488789,61.14261834,758.2999878
E+yrrz1S,Gabriel Wolken,124,MountainHub,Sun Mar 19 2017 01:06:36 GMT+0000 (UTC),-145.7145565,61.1520896,739.2663574
F1rrRXgS,Sarah Carter,95,MountainHub,Sun Mar 26 2017 23:33:23 GMT+0000 (UTC),-145.7533058,61.25038796,711.1209717
F3VycfbC,Katreen Wikstrom Jones,177,MountainHub,Sun Apr 30 2017 19:30:44 GMT+0000 (UTC),-145.7130162,61.13000848,912.9794312
F5Gd1g+3,Katreen Wikstrom Jones,168,MountainHub,Sun Apr 30 2017 21:01:34 GMT+0000 (UTC),-145.7289521,61.13359946,865.0974731
f6VMKIKf,Gabriel Wolken,158,MountainHub,Sat Mar 18 2017 22:30:10 GMT+0000 (UTC),-145.7260117,61.14397303,727.581604
F7PWQw3W,Gabriel Wolken,53,MountainHub,Sat Mar 18 2017 18:45:19 GMT+0000 (UTC),-145.7430238,61.14469479,746.862854
f9G4HI4U,Gabriel Wolken,154,MountainHub,Sun Apr 30 2017 20:31:35 GMT+0000 (UTC),-145.7270278,61.13325375,877.9463501
fafGE2SU,Katreen Wikstrom Jones,121,MountainHub,Sun Apr 30 2017 19:36:32 GMT+0000 (UTC),-145.7127893,61.13064903,936.4966431
fdaxnTZd,Bobby Liebs,218,MountainHub,Sat Mar 18 2017 20:30:51 GMT+0000 (UTC),-145.8611597,61.26205703,981.7182617
/fdF9e4K,Kevin Salys,65.99999751,MountainHub,Mon May 01 2017 18:40:05 GMT+0000 (UTC),-145.7350622,61.13532494,819.4804077
fEB4eTOY,Katreen Wikstrom Jones,151,MountainHub,Sun Apr 30 2017 23:11:26 GMT+0000 (UTC),-145.7464729,61.14837043,774.4873657
FeG3iNIQ,Bobby Liebs,135,MountainHub,Sat Mar 18 2017 19:41:53 GMT+0000 (UTC),-145.7421452,61.23347646,611.1918335
ff22qfdW,Bobby Liebs,95,MountainHub,Sun Mar 19 2017 20:59:42 GMT+0000 (UTC),-145.3293882,61.39222652,1188.502563
fFxdhs3m,Sarah Carter,160,MountainHub,Tue Apr 11 2017 22:32:23 GMT+0000 (UTC),-145.6951242,61.14351378,1131.220459
FjzWyMds,Kevin Salys,56.99999785,MountainHub,Mon May 01 2017 19:15:27 GMT+0000 (UTC),-145.7252014,61.13451433,870.0474243
fmC2YFGJ,Max Wittenberg,200,SnowPilot,Thu Mar 16 2017 01:53:16 GMT+0000 (UTC),-145.749092,61.183034,960.0286865
fMsfH7zw,Katreen Wikstrom Jones,112,MountainHub,Sun Apr 30 2017 19:19:47 GMT+0000 (UTC),-145.7144892,61.12842062,860.6801758
FMwj9FOJ,Matt Kinney ,100,MountainHub,Sat Feb 04 2017 22:04:58 GMT+0000 (UTC),-146.3502758,61.1352947,33.24003601
#NAME?,Kevin Salys,216.9999918,MountainHub,Mon May 01 2017 19:02:34 GMT+0000 (UTC),-145.7267738,61.1356879,834.7936401
FNxSUZct,Peter Biskind,80,MountainHub,Sat Apr 29 2017 02:42:45 GMT+0000 (UTC),-145.7234397,61.13874139,825.09729
Fo9luE7D,Gabriel Wolken,106,MountainHub,Sun Apr 30 2017 19:34:24 GMT+0000 (UTC),-145.7326055,61.13280079,847.8239746
fOmpyIj1,Katreen Wikstrom Jones,124,MountainHub,Sat Mar 18 2017 22:43:39 GMT+0000 (UTC),-145.7242549,61.14324171,750.4237061
fpK6B+OC,Naomi F. Ray,124,MountainHub,Sat Apr 29 2017 21:34:10 GMT+0000 (UTC),-145.7557525,61.14015807,797.7940063
fraFTjPb,Katreen Wikstrom Jones,69,MountainHub,Sat Mar 18 2017 18:13:53 GMT+0000 (UTC),-145.7480014,61.14247221,750.5905762
FupHbEHG,Katreen Wikstrom Jones,142,MountainHub,Sun Apr 30 2017 18:29:39 GMT+0000 (UTC),-145.7320911,61.13128421,840.9248047
fzq3laWQ,Naomi F. Ray,148,MountainHub,Sat Apr 29 2017 21:56:24 GMT+0000 (UTC),-145.7544398,61.13899566,788.4941406
g3EhtMKH,Bobby Liebs,159,MountainHub,Sat Mar 18 2017 20:18:11 GMT+0000 (UTC),-145.8625779,61.26196529,987.263916
G7SJYIe/,Katreen Wikstrom Jones,99,MountainHub,Sun Apr 30 2017 22:57:55 GMT+0000 (UTC),-145.7498976,61.14814579,818.0509644
g8VBrGne,Benjamin Stolen,101.9999962,MountainHub,Sat Apr 08 2017 22:32:58 GMT+0000 (UTC),-145.8755455,61.0480381,1113.779663
gAiDSvIV,Katreen Wikstrom Jones,29,MountainHub,Sat Mar 18 2017 23:40:57 GMT+0000 (UTC),-145.7147809,61.1405204,860.5629883
gcsoVUVW,Katreen Wikstrom Jones,177,MountainHub,Sat Mar 18 2017 23:07:22 GMT+0000 (UTC),-145.7311042,61.14072307,769.4441528
gF4v05Jk,Jason Champion,290,SnowPilot,Wed Apr 05 2017 04:44:53 GMT+0000 (UTC),-145.731668,61.180003,822.4001465
gkC+dIxW,Kevin Salys,105.999996,MountainHub,Mon May 01 2017 19:07:32 GMT+0000 (UTC),-145.7255923,61.13544793,847.1760254
GkCG5CPp,Bobby Liebs,125,MountainHub,Sun Mar 19 2017 04:01:49 GMT+0000 (UTC),-145.7119355,61.18012082,842.9528809
gPdc2LPu,Katreen Wikstrom Jones,62,MountainHub,Sun Apr 30 2017 20:06:32 GMT+0000 (UTC),-145.7277764,61.13092064,871.4485474
gqyivVaW,Kevin Salys,117.9999956,MountainHub,Mon May 01 2017 18:38:32 GMT+0000 (UTC),-145.7356437,61.13511566,820.0925903
GtcMtJM3,Katreen Wikstrom Jones,67,MountainHub,Sun Mar 19 2017 00:30:07 GMT+0000 (UTC),-145.7419433,61.13977571,778.6978149
gtZ2r5B7,Naomi F. Ray,102,MountainHub,Sat Apr 29 2017 21:06:01 GMT+0000 (UTC),-145.7537901,61.1413087,779.7053833
GUhex+Fd,Gabriel Wolken,140,MountainHub,Sun Apr 30 2017 23:14:11 GMT+0000 (UTC),-145.7601004,61.13907561,817.4713135
H3EDf36w,Katreen Wikstrom Jones,152,MountainHub,Sun Apr 30 2017 23:53:57 GMT+0000 (UTC),-145.7487878,61.14533597,819.4251099
Heb86H7+,Katreen Wikstrom Jones,42,MountainHub,Sun Mar 19 2017 00:24:51 GMT+0000 (UTC),-145.7253123,61.14196338,756.3312378
HJjxOzS4,Gabriel Wolken,175,MountainHub,Sat Mar 18 2017 19:04:58 GMT+0000 (UTC),-145.744432,61.14573386,787.5013428
HJQJTtRj,Katreen Wikstrom Jones,76,MountainHub,Sun Mar 19 2017 01:16:32 GMT+0000 (UTC),-145.7089646,61.15565619,747.5756836
hJYQ+FB3,Sarah Carter,148,MountainHub,Thu Mar 16 2017 21:19:05 GMT+0000 (UTC),-146.3286673,61.08056659,66.7070694
hlnf2jnT,Katreen Wikstrom Jones,83,MountainHub,Sun Apr 30 2017 23:24:54 GMT+0000 (UTC),-145.7413544,61.14819839,755.7998047
HP4+OgaH,Katreen Wikstrom Jones,117,MountainHub,Sun Apr 30 2017 23:19:07 GMT+0000 (UTC),-145.7439137,61.14908,756.0151367
hP87QBCj,Katreen Wikstrom Jones,67,MountainHub,Sat Mar 18 2017 23:35:37 GMT+0000 (UTC),-145.7145861,61.14137845,833.6307983
hpZRwS8g,Katreen Wikstrom Jones,243,MountainHub,Sun Apr 30 2017 18:36:14 GMT+0000 (UTC),-145.7296729,61.13044321,852.414856
HsDhL9UJ,Bobby Liebs,43,MountainHub,Sun Mar 19 2017 03:53:08 GMT+0000 (UTC),-145.6967482,61.17951921,701.6360474
H/UCad1P,Gabriel Wolken,111,MountainHub,Sun Apr 30 2017 20:17:31 GMT+0000 (UTC),-145.7274484,61.13290556,875.0545654
hvmhHLJl,Bobby Liebs,236,MountainHub,Sun Mar 19 2017 03:56:47 GMT+0000 (UTC),-145.7047629,61.18015703,761.6678467
hX0MoclT,Kevin Salys,199.9999925,MountainHub,Thu Apr 13 2017 07:22:38 GMT+0000 (UTC),-145.4541795,61.15839513,1655.831787
/HxA0rCb,Katreen Wikstrom Jones,70,MountainHub,Sat Mar 18 2017 22:59:12 GMT+0000 (UTC),-145.7307221,61.1414546,753.491272
HYvADCVO,Sarah Carter,175,MountainHub,Wed Apr 12 2017 18:53:14 GMT+0000 (UTC),-145.6343324,61.15381032,1537.202148
HzHn9BxZ,Kevin Salys,31.99999879,MountainHub,Mon May 01 2017 19:23:48 GMT+0000 (UTC),-145.7274162,61.13382792,870.0756226
I4w+kRwU,Sarah Carter,304.7999954,MountainHub,Tue May 16 2017 19:44:07 GMT+0000 (UTC),-145.7268821,61.13295402,882.1792603
iDcWbSEg,Bobby Liebs,155,MountainHub,Sun Mar 19 2017 03:11:18 GMT+0000 (UTC),-145.6806646,61.17207336,651.9190674
iEeBKKD7,Gabriel Wolken,55,MountainHub,Sun Mar 19 2017 00:26:26 GMT+0000 (UTC),-145.7397208,61.14037874,745.8797607
If/1Fe84,Sarah Carter,150,MountainHub,Wed Mar 29 2017 18:53:21 GMT+0000 (UTC),-146.2309816,61.07470876,226.6129303
if3/le9j,Peter Biskind,250,MountainHub,Thu Apr 27 2017 02:49:00 GMT+0000 (UTC),-145.735558,61.1350446,819.8673096
#NAME?,Gabriel Wolken,137,MountainHub,Sun Mar 19 2017 01:10:41 GMT+0000 (UTC),-145.709448,61.15570379,743.4484253
ihEcwPR6,Gabriel Wolken,132,MountainHub,Sun Mar 19 2017 01:24:52 GMT+0000 (UTC),-145.6984221,61.15623806,842.1644287
IjlhBbax,Kevin Salys,124.9999953,MountainHub,Mon May 01 2017 19:34:35 GMT+0000 (UTC),-145.7316244,61.13345503,854.4865723
ilDwLmqs,Katreen Wikstrom Jones,145,MountainHub,Sun Apr 30 2017 22:37:32 GMT+0000 (UTC),-145.7481811,61.14653051,809.2573242
ilwjO1l+,Katreen Wikstrom Jones,109,MountainHub,Sun Mar 19 2017 00:28:31 GMT+0000 (UTC),-145.7410549,61.139992,754.3822021
ILxYZJ7R,Bobby Liebs,203,MountainHub,Sun Mar 19 2017 03:48:54 GMT+0000 (UTC),-145.6921527,61.17996878,696.7010498
/IOaDHfS,Max Wittenberg,145,SnowPilot,Thu Mar 23 2017 05:53:57 GMT+0000 (UTC),-145.692701,61.003107,1126.212402
iv/1hDGl,Kevin Salys,147.9999944,MountainHub,Mon May 01 2017 18:50:38 GMT+0000 (UTC),-145.7298655,61.13574838,825.0738525
iVQ69GeD,Katreen Wikstrom Jones,26,MountainHub,Sun Apr 30 2017 18:27:33 GMT+0000 (UTC),-145.7334448,61.13176013,836.5656738
IY/8PRuU,Katreen Wikstrom Jones,104,MountainHub,Fri Mar 17 2017 22:42:06 GMT+0000 (UTC),-145.7615241,61.13365478,859.8517456
j16tv1b4,Bobby Liebs,216,MountainHub,Sun Mar 19 2017 04:05:44 GMT+0000 (UTC),-145.704601,61.1807757,767.8010864
jAAwlwQN,Bobby Liebs,130,MountainHub,Tue Apr 25 2017 16:22:56 GMT+0000 (UTC),-145.7062331,61.16743921,643.8792725
JcGw4LQG,Kevin Salys,132.999995,MountainHub,Mon May 01 2017 19:04:31 GMT+0000 (UTC),-145.7257033,61.13548851,845.588501
JciCngeq,Katreen Wikstrom Jones,117,MountainHub,Sat Mar 18 2017 19:24:43 GMT+0000 (UTC),-145.7501569,61.14236747,766.9798584
jeAZEDng,Gabriel Wolken,150,MountainHub,Sat Mar 18 2017 22:36:41 GMT+0000 (UTC),-145.725843,61.1440496,726.8458252
jfTmSnEC,Sarah Carter,135,MountainHub,Mon Apr 17 2017 00:21:34 GMT+0000 (UTC),-145.7431079,61.14705244,784.0866089
JhmDEHLw,Sarah Carter,131,MountainHub,Thu Mar 16 2017 21:38:42 GMT+0000 (UTC),-146.3313429,61.07941144,86.47458649
jhYDt1Ia,Bobby Liebs,87,MountainHub,Mon Mar 20 2017 00:42:20 GMT+0000 (UTC),-145.230842,61.38955399,532.2479858
JJGZHgwr,Max Wittenberg,80,SnowPilot,Tue Mar 21 2017 04:36:26 GMT+0000 (UTC),-145.758018,61.196327,1052.477173
JJZw2V1w,Katreen Wikstrom Jones,80,MountainHub,Sat Mar 18 2017 19:15:09 GMT+0000 (UTC),-145.7521896,61.1426828,786.7854614
jnamUOz3,Gabriel Wolken,62,MountainHub,Sun Apr 30 2017 23:09:11 GMT+0000 (UTC),-145.7603786,61.13922363,816.8178101
jP/2WcCy,Sarah Carter,245,MountainHub,Tue Feb 07 2017 04:21:06 GMT+0000 (UTC),-145.9183687,61.32250749,1513.364502
jpLB6HT0,Katreen Wikstrom Jones,22,MountainHub,Sat Mar 18 2017 19:11:57 GMT+0000 (UTC),-145.7517752,61.14324883,798.6745605
jsnBWZCT,Katreen Wikstrom Jones,173,MountainHub,Sun Apr 30 2017 19:10:15 GMT+0000 (UTC),-145.718725,61.12806283,855.3681641
jVXkF7Sg,Bobby Liebs,122,MountainHub,Sat Mar 18 2017 20:32:44 GMT+0000 (UTC),-145.8601468,61.26228766,977.9910278
JWTe63JY,Katreen Wikstrom Jones,153,MountainHub,Sun Apr 30 2017 23:27:01 GMT+0000 (UTC),-145.7416091,61.14812643,757.5430298
jw/y+9qE,Bobby Liebs,242,MountainHub,Wed Apr 19 2017 01:36:11 GMT+0000 (UTC),-145.7416392,61.1881651,1387.353638
K0YS6cf1,Katreen Wikstrom Jones,23,MountainHub,Sun Apr 30 2017 20:12:15 GMT+0000 (UTC),-145.7276887,61.13192023,872.8359375
K1q31gwq,Katreen Wikstrom Jones,42,MountainHub,Sun Apr 30 2017 19:53:20 GMT+0000 (UTC),-145.7207412,61.13090208,930.9506836
k380vdI3,Naomi F. Ray,95,MountainHub,Sun Apr 30 2017 22:18:32 GMT+0000 (UTC),-145.7194027,61.16100192,709.8605347
KAYJSEfr,Katreen Wikstrom Jones,237,MountainHub,Fri Mar 17 2017 21:38:12 GMT+0000 (UTC),-145.7534772,61.13745417,810.130188
KCB2J9rR,Katreen Wikstrom Jones,117,MountainHub,Sun Apr 30 2017 22:50:41 GMT+0000 (UTC),-145.7509692,61.14704445,820.4207764
KF/qdYn2,Katreen Wikstrom Jones,178,MountainHub,Sat Mar 18 2017 18:42:05 GMT+0000 (UTC),-145.7471818,61.14265728,745.6708984
K+PSxySp,Katreen Wikstrom Jones,61,MountainHub,Sun Apr 30 2017 18:41:46 GMT+0000 (UTC),-145.7288374,61.12907436,844.4187622
KpzHFI12,Katreen Wikstrom Jones,190,MountainHub,Sat Mar 18 2017 22:41:21 GMT+0000 (UTC),-145.7255301,61.14267052,749.6021118
kRDTqhTn,Naomi F. Ray,70,MountainHub,Sun Apr 30 2017 22:32:07 GMT+0000 (UTC),-145.7194027,61.16100192,709.8605347
KrnYI+tA,Kevin Salys,164.9999938,MountainHub,Mon May 01 2017 18:34:27 GMT+0000 (UTC),-145.7380298,61.13453345,815.0669556
kshRnvIM,Katreen Wikstrom Jones,27,MountainHub,Sun Apr 30 2017 20:36:21 GMT+0000 (UTC),-145.7279391,61.1324982,880.7794189
Kua98JI+,Kevin Salys,112.9999957,MountainHub,Mon May 01 2017 18:52:25 GMT+0000 (UTC),-145.7295356,61.13553495,828.0768433
kX/tVHA3,Sarah Carter,140,MountainHub,Mon Mar 27 2017 21:03:37 GMT+0000 (UTC),-145.7144648,61.1565972,721.6397095
KYcsFK6k,Katreen Wikstrom Jones,172,MountainHub,Sun Apr 30 2017 23:51:30 GMT+0000 (UTC),-145.7480308,61.14560394,814.0062866
l0AaYg2k,Katreen Wikstrom Jones,164,MountainHub,Sun Apr 30 2017 20:58:00 GMT+0000 (UTC),-145.7277283,61.13341585,872.6994019
l1AHtknQ,Katreen Wikstrom Jones,118,MountainHub,Sat Mar 18 2017 22:35:18 GMT+0000 (UTC),-145.7269785,61.14261608,743.036499
L1tzaG8O,Katreen Wikstrom Jones,97,MountainHub,Sun Apr 30 2017 23:45:03 GMT+0000 (UTC),-145.74581,61.14655528,795.7608643
L3mjJIIG,Katreen Wikstrom Jones,93,MountainHub,Sun Mar 19 2017 00:36:21 GMT+0000 (UTC),-145.7421332,61.1393569,778.9781494
L8fe3Q5A,Kevin Salys,46.99999823,MountainHub,Mon May 01 2017 18:49:01 GMT+0000 (UTC),-145.7310081,61.13555675,826.1585693
LEDcqcr0,Katreen Wikstrom Jones,118,MountainHub,Sun Mar 19 2017 01:06:33 GMT+0000 (UTC),-145.7143659,61.15217099,739.5065308
Lh7NxI0e,Katreen Wikstrom Jones,30,MountainHub,Sun Apr 30 2017 20:37:59 GMT+0000 (UTC),-145.7275185,61.13274564,880.2509766
Ln8ce3f7,Gabriel Wolken,158,MountainHub,Sat Mar 18 2017 23:03:16 GMT+0000 (UTC),-145.7299985,61.1414792,754.1355591
looftj5I,Bobby Liebs,35.56,MountainHub,Tue Apr 25 2017 17:18:11 GMT+0000 (UTC),-145.48325,61.20856318,495.8282166
LsMfZIJA,Bobby Liebs,136,MountainHub,Sun Mar 19 2017 03:06:13 GMT+0000 (UTC),-145.6857299,61.17301083,649.9716797
LuQBD52i,Katreen Wikstrom Jones,0,MountainHub,Sat Mar 18 2017 23:36:55 GMT+0000 (UTC),-145.7148649,61.14118387,837.6141968
lVpJLoTQ,Katreen Wikstrom Jones,128,MountainHub,Sat Mar 18 2017 22:54:52 GMT+0000 (UTC),-145.7306172,61.14146722,753.3769531
LZrWDJko,Katreen Wikstrom Jones,171,MountainHub,Sat Mar 18 2017 18:52:40 GMT+0000 (UTC),-145.7489898,61.14281733,760.944397
M4XFVEAo,Katreen Wikstrom Jones,30,MountainHub,Sun Apr 30 2017 20:51:43 GMT+0000 (UTC),-145.725356,61.13329507,890.343689
m/84e68N,Kevin Salys,59.99999774,MountainHub,Mon May 01 2017 19:17:16 GMT+0000 (UTC),-145.7257446,61.13441433,869.0733032
mFUE95no,Katreen Wikstrom Jones,39,MountainHub,Sun Apr 30 2017 18:20:09 GMT+0000 (UTC),-145.7357489,61.13280024,827.6170654
mfU/JTM/,Bobby Liebs,112,MountainHub,Sun Mar 19 2017 04:08:43 GMT+0000 (UTC),-145.69798,61.18100126,716.9191284
MGg5mKuJ,Katreen Wikstrom Jones,41,MountainHub,Sun Apr 30 2017 18:15:46 GMT+0000 (UTC),-145.7357446,61.13269941,827.56427
MhiNyK3w,Bobby Liebs,0,MountainHub,Tue Apr 25 2017 17:19:23 GMT+0000 (UTC),-145.4823156,61.20842542,492.3851624
Mhk9cVYD,Sarah Carter,180,MountainHub,Wed Mar 01 2017 22:05:35 GMT+0000 (UTC),-146.31847,61.02778471,661.4789429
mhlzk/gx,Gabriel Wolken,80,MountainHub,Fri Mar 17 2017 21:57:40 GMT+0000 (UTC),-145.7537541,61.13549704,834.3843384
MLRkCFM+,Katreen Wikstrom Jones,75,MountainHub,Sun Apr 30 2017 20:30:29 GMT+0000 (UTC),-145.7276015,61.1322752,873.7362061
#NAME?,Katreen Wikstrom Jones,107,MountainHub,Sun Apr 30 2017 18:46:45 GMT+0000 (UTC),-145.7273062,61.1293272,859.4657593
mUfMfRhb,Sarah Carter,240,MountainHub,Tue Apr 25 2017 02:00:58 GMT+0000 (UTC),-145.5994892,61.00782155,1131.53418
mUP4n3Uq,Gabriel Wolken,118,MountainHub,Sat Mar 18 2017 23:44:47 GMT+0000 (UTC),-145.714159,61.14185521,827.0849609
mwko2+ok,Katreen Wikstrom Jones,212,MountainHub,Sun Apr 30 2017 19:22:55 GMT+0000 (UTC),-145.7127797,61.12886347,871.5014038
mwxzyDVQ,Katreen Wikstrom Jones,94,MountainHub,Fri Mar 17 2017 20:44:47 GMT+0000 (UTC),-145.7667829,61.13806995,867.152771
N3H47g7R,Kevin Salys,38.99999853,MountainHub,Mon May 01 2017 19:46:17 GMT+0000 (UTC),-145.7346914,61.1322455,828.5200195
N4NDiVcb,Bobby Liebs,134,MountainHub,Sat Mar 18 2017 21:01:08 GMT+0000 (UTC),-145.8608499,61.26035517,976.4091187
n6nab2L5,Kevin Salys,47.99999819,MountainHub,Mon May 01 2017 19:37:35 GMT+0000 (UTC),-145.7325575,61.13314383,850.6209717
Nb7+HnZr,Gabriel Wolken,63,MountainHub,Sun Apr 30 2017 23:38:20 GMT+0000 (UTC),-145.7656733,61.13909908,858.8664551
NEo1rFVi,Katreen Wikstrom Jones,44,MountainHub,Sun Apr 30 2017 20:34:42 GMT+0000 (UTC),-145.7274944,61.13218904,886.4054565
nG4JVaPO,Gabriel Wolken,119,MountainHub,Sun Mar 19 2017 00:24:37 GMT+0000 (UTC),-145.7398493,61.14016534,750.7006226
NhECeWx/,Katreen Wikstrom Jones,131,MountainHub,Sun Mar 19 2017 00:41:39 GMT+0000 (UTC),-145.740732,61.13918281,784.4984741
nHQLW5HM,Katreen Wikstrom Jones,146,MountainHub,Sun Apr 30 2017 23:04:36 GMT+0000 (UTC),-145.7473855,61.14798448,786.5412598
nImLojgp,Katreen Wikstrom Jones,120,MountainHub,Sat Mar 18 2017 23:54:11 GMT+0000 (UTC),-145.7161489,61.13998982,854.3889771
NKMau/r0,Naomi F. Ray,105,MountainHub,Sun Apr 30 2017 23:28:24 GMT+0000 (UTC),-145.724911,61.15683625,725.0126953
nm5QSQ+1,Katreen Wikstrom Jones,153,MountainHub,Sun Apr 30 2017 22:44:26 GMT+0000 (UTC),-145.7503353,61.14694202,815.5564575
nN2mfe0/,Luc Mehl,0,SnowPilot,Tue Feb 21 2017 04:11:45 GMT+0000 (UTC),-145.42256,61.1765,1237.794556
npNG+/jb,Peter Biskind,135,MountainHub,Sat Apr 29 2017 02:41:53 GMT+0000 (UTC),-145.7108599,61.13921389,960.4656982
nxrhkytK,Katreen Wikstrom Jones,49,MountainHub,Fri Mar 17 2017 22:36:58 GMT+0000 (UTC),-145.7611325,61.13405887,857.6304321
NZo+lLSC,Katreen Wikstrom Jones,218,MountainHub,Sun Apr 30 2017 21:13:19 GMT+0000 (UTC),-145.7316963,61.13497145,834.4606323
o7kPprVU,Gabriel Wolken,62,MountainHub,Sun Mar 19 2017 00:42:18 GMT+0000 (UTC),-145.7375661,61.13867156,798.0986938
O7QrQTt/,Katreen Wikstrom Jones,84,MountainHub,Sun Apr 30 2017 22:36:04 GMT+0000 (UTC),-145.7489453,61.1461276,821.1658325
oF0qvhx3,Katreen Wikstrom Jones,220,MountainHub,Sun Apr 30 2017 19:27:19 GMT+0000 (UTC),-145.7129879,61.13008375,915.7062378
oiIGFpug,Katreen Wikstrom Jones,193,MountainHub,Sun Mar 19 2017 00:39:30 GMT+0000 (UTC),-145.7414604,61.13903768,782.2054443
oMbMEM+E,Katreen Wikstrom Jones,92,MountainHub,Sun Apr 30 2017 21:04:40 GMT+0000 (UTC),-145.7309239,61.13346254,857.6369629
OO6jHqpx,Katreen Wikstrom Jones,121,MountainHub,Sat Mar 18 2017 19:17:10 GMT+0000 (UTC),-145.7525704,61.14243424,783.6384888
OOloPdV1,Katreen Wikstrom Jones,135,MountainHub,Sun Apr 30 2017 23:23:22 GMT+0000 (UTC),-145.741259,61.1484853,752.7573853
OpdlXY8L,Katreen Wikstrom Jones,0,MountainHub,Sun Mar 19 2017 00:33:21 GMT+0000 (UTC),-145.7422581,61.13946013,778.3256836
oufIh2dR,Kevin Salys,52.999998,MountainHub,Mon May 01 2017 19:26:37 GMT+0000 (UTC),-145.727924,61.13354294,870.2235107
oUwosu25,Gabriel Wolken,107,MountainHub,Sun Apr 30 2017 20:58:12 GMT+0000 (UTC),-145.7193519,61.13300233,963.4035645
OxWuGz0O,Katreen Wikstrom Jones,182,MountainHub,Fri Mar 17 2017 21:41:58 GMT+0000 (UTC),-145.7529754,61.13740195,811.4720459
Pc0YxWRM,Kevin Salys,199.9999925,MountainHub,Fri Apr 07 2017 17:32:08 GMT+0000 (UTC),-145.7606895,61.16740887,1238.886719
pcWoabub,Bobby Liebs,135,MountainHub,Sat Mar 18 2017 19:41:21 GMT+0000 (UTC),-145.7420912,61.23347143,611.229248
pEDjuGH/,Katreen Wikstrom Jones,130,MountainHub,Sun Apr 30 2017 21:09:53 GMT+0000 (UTC),-145.7322389,61.13458773,840.1959839
PGve5nES,Katreen Wikstrom Jones,0,MountainHub,Sat Mar 18 2017 19:07:45 GMT+0000 (UTC),-145.7515183,61.14363247,809.0457764
poXgoWqY,Kevin Salys,189.9999928,MountainHub,Fri Mar 17 2017 10:22:20 GMT+0000 (UTC),-146.327719,61.07273063,233.0129089
PphswSPG,Katreen Wikstrom Jones,120,MountainHub,Sun Apr 30 2017 23:02:33 GMT+0000 (UTC),-145.7492348,61.14792685,806.4899902
pU8c+O0f,Kevin Salys,95.99999638,MountainHub,Mon May 01 2017 18:37:08 GMT+0000 (UTC),-145.7367421,61.13502856,818.1488647
pUCVZx7f,Katreen Wikstrom Jones,214,MountainHub,Sun Apr 30 2017 19:55:53 GMT+0000 (UTC),-145.7235103,61.13073239,910.6665039
PWWF19gZ,Gabriel Wolken,78,MountainHub,Sun Apr 30 2017 22:51:29 GMT+0000 (UTC),-145.7558007,61.14196837,809.2147217
pZ2CcHHg,Katreen Wikstrom Jones,95,MountainHub,Fri Mar 17 2017 22:04:28 GMT+0000 (UTC),-145.754844,61.13513502,844.1900024
PZiVLvvz,Naomi F. Ray,95,MountainHub,Sat Apr 29 2017 22:05:22 GMT+0000 (UTC),-145.7544398,61.13899566,788.4941406
q5/Wsc/0,Gabriel Wolken,105,MountainHub,Sat Mar 18 2017 18:46:54 GMT+0000 (UTC),-145.7426124,61.1448315,747.5158691
QA1vL2Va,Will Borg,230,SnowPilot,Tue Apr 04 2017 18:14:00 GMT+0000 (UTC),-145.266809,61.213633,1438.387573
Qc4dk3XL,Katreen Wikstrom Jones,118,MountainHub,Sun Apr 30 2017 23:46:46 GMT+0000 (UTC),-145.7470263,61.14643668,802.880249
qgeTJdzm,Katreen Wikstrom Jones,136,MountainHub,Sat Mar 18 2017 18:36:35 GMT+0000 (UTC),-145.7452304,61.14320323,734.7340088
QI2tbh2D,Bobby Liebs,169,MountainHub,Sun Mar 19 2017 00:47:55 GMT+0000 (UTC),-145.7738455,61.25969966,690.9465332
QicTh/2a,Jason Champion,130,SnowPilot,Sun Apr 09 2017 19:07:56 GMT+0000 (UTC),-146.137733,61.329268,1454.623535
qJn1QHfk,Katreen Wikstrom Jones,229,MountainHub,Fri Mar 17 2017 22:06:48 GMT+0000 (UTC),-145.754844,61.13513502,844.1900024
QjnLdxZO,Katreen Wikstrom Jones,137,MountainHub,Sun Apr 30 2017 23:16:39 GMT+0000 (UTC),-145.7455163,61.1489046,765.4692383
#NAME?,Gabriel Wolken,107,MountainHub,Sun Mar 19 2017 01:18:36 GMT+0000 (UTC),-145.7017499,61.15635473,793.3335571
qNyAF5gx,Gabriel Wolken,155,MountainHub,Sun Mar 19 2017 01:20:17 GMT+0000 (UTC),-145.7023044,61.15639073,788.8596191
qqaOkq69,Gabriel Wolken,147,MountainHub,Sun Apr 30 2017 18:57:04 GMT+0000 (UTC),-145.7358524,61.13307433,826.9746704
qYbj4DUN,Katreen Wikstrom Jones,47,MountainHub,Sun Apr 30 2017 20:53:21 GMT+0000 (UTC),-145.7253022,61.13373592,884.5192261
r0jIA0jo,Katreen Wikstrom Jones,58,MountainHub,Sun Apr 30 2017 22:51:54 GMT+0000 (UTC),-145.7509692,61.14704445,820.4207764
R1t34eF5,Gabriel Wolken,94,MountainHub,Sun Mar 19 2017 00:43:58 GMT+0000 (UTC),-145.7364517,61.13856025,802.423584
r8rYij5K,Naomi F. Ray,146,MountainHub,Sun Apr 30 2017 21:32:39 GMT+0000 (UTC),-145.711451,61.16439666,648.0335083
rbODB+F/,Kevin Salys,204.9999923,MountainHub,Mon May 01 2017 18:59:58 GMT+0000 (UTC),-145.7269531,61.13569981,833.576416
Rcpr2gjN,Katreen Wikstrom Jones,67,MountainHub,Sun Apr 30 2017 23:30:24 GMT+0000 (UTC),-145.7427277,61.14763366,771.7744141
RD2qm8eX,Katreen Wikstrom Jones,125,MountainHub,Fri Mar 17 2017 22:56:52 GMT+0000 (UTC),-145.7695098,61.13290037,878.5550537
rELC9az+,Katreen Wikstrom Jones,165,MountainHub,Sun Apr 30 2017 23:40:02 GMT+0000 (UTC),-145.7444122,61.14695061,787.1112061
rGJklYQG,Sarah Carter,533.399992,MountainHub,Tue May 16 2017 20:44:01 GMT+0000 (UTC),-145.7285536,61.1355285,829.7015991
RiJR8qm+,Katreen Wikstrom Jones,90,MountainHub,Fri Mar 17 2017 22:43:51 GMT+0000 (UTC),-145.7620892,61.13353236,861.2559204
RO8R3gkQ,Gabriel Wolken,235,MountainHub,Sun Apr 30 2017 19:25:17 GMT+0000 (UTC),-145.7325101,61.1327194,847.7034302
Rt758tOp,Gabriel Wolken,49,MountainHub,Sun Apr 30 2017 18:22:22 GMT+0000 (UTC),-145.73505,61.13270331,832.5700073
RVnHNGf9,Naomi F. Ray,200,MountainHub,Sun Apr 30 2017 22:56:24 GMT+0000 (UTC),-145.7236765,61.15783442,702.9182129
RX4/M3lp,Sarah Carter,596.899991,MountainHub,Tue May 16 2017 20:00:02 GMT+0000 (UTC),-145.7160289,61.1342628,995.2006836
RY8nv04N,Kevin Salys,128.9999951,MountainHub,Mon May 01 2017 19:28:15 GMT+0000 (UTC),-145.7290089,61.13353788,865.6062622
RZ35u16D,Katreen Wikstrom Jones,207,MountainHub,Fri Mar 17 2017 19:36:06 GMT+0000 (UTC),-145.7518558,61.14211229,772.6810913
RzFN/6P5,Katreen Wikstrom Jones,22,MountainHub,Sun Apr 30 2017 18:21:38 GMT+0000 (UTC),-145.7347734,61.13224486,832.7390137
S1sTlPr3,Naomi F. Ray,84,MountainHub,Sun Apr 30 2017 23:06:11 GMT+0000 (UTC),-145.7242629,61.15777572,706.7220459
SfN6SYhk,Sarah Carter,140,MountainHub,Wed Mar 22 2017 22:46:49 GMT+0000 (UTC),-145.6575221,61.16123146,1272.285767
sFUFRxsu,Katreen Wikstrom Jones,78,MountainHub,Sun Apr 30 2017 18:23:24 GMT+0000 (UTC),-145.7343175,61.13194831,833.7321777
smG9MCTJ,Katreen Wikstrom Jones,197,MountainHub,Sun Apr 30 2017 23:49:24 GMT+0000 (UTC),-145.7479292,61.14560008,812.916626
sPB2Mx8Y,Naomi F. Ray,80,MountainHub,Sun Apr 30 2017 22:37:45 GMT+0000 (UTC),-145.7199397,61.1604655,710.31073
SqU+DeGf,Katreen Wikstrom Jones,198,MountainHub,Fri Mar 17 2017 22:38:56 GMT+0000 (UTC),-145.760447,61.13418472,856.7824707
SRAmO7SX,Katreen Wikstrom Jones,93,MountainHub,Sat Mar 18 2017 22:24:36 GMT+0000 (UTC),-145.7258203,61.14377161,731.7749634
srPGF6uj,Kevin Salys,201.9999924,MountainHub,Mon May 01 2017 18:46:54 GMT+0000 (UTC),-145.7332521,61.13534069,823.1818848
ssy4RfZ+,Katreen Wikstrom Jones,254,MountainHub,Fri Mar 17 2017 21:43:29 GMT+0000 (UTC),-145.7536804,61.13727279,812.3635864
swxyXVBz,Bobby Liebs,152,MountainHub,Sun Mar 19 2017 04:00:10 GMT+0000 (UTC),-145.7105854,61.17959653,818.3921509
sY3X0aUB,Katreen Wikstrom Jones,103,MountainHub,Sun Apr 30 2017 20:45:40 GMT+0000 (UTC),-145.7253564,61.13269639,897.8864136
SZuGtfA6,Naomi F. Ray,100,MountainHub,Fri May 05 2017 22:02:49 GMT+0000 (UTC),-145.7969608,61.1407591,1562.960449
T07V8DUO,Katreen Wikstrom Jones,135,MountainHub,Fri Mar 17 2017 22:54:29 GMT+0000 (UTC),-145.7626953,61.13346811,862.1342163
T+2lRNxY,Kevin Salys,209.9999921,MountainHub,Mon May 01 2017 18:58:11 GMT+0000 (UTC),-145.7278491,61.13563611,830.3535156
t4mWAXmx,Katreen Wikstrom Jones,63,MountainHub,Sun Apr 30 2017 18:31:40 GMT+0000 (UTC),-145.7311836,61.13086067,844.0880737
t5WESG9O,Gabriel Wolken,137,MountainHub,Sun Mar 19 2017 01:15:12 GMT+0000 (UTC),-145.7096978,61.15579688,740.803894
tEGnzYk5,Katreen Wikstrom Jones,93,MountainHub,Sat Mar 18 2017 19:18:51 GMT+0000 (UTC),-145.7529501,61.14217917,780.1777344
tF1Ko4qs,Kevin Salys,167.9999937,MountainHub,Mon May 01 2017 19:41:36 GMT+0000 (UTC),-145.7331646,61.13274444,844.6331787
TFHb8Sum,Bobby Liebs,137,MountainHub,Sat Mar 18 2017 21:04:52 GMT+0000 (UTC),-145.8578737,61.26027856,965.2389526
TgXSMtRR,Gabriel Wolken,118,MountainHub,Sun Apr 30 2017 19:35:45 GMT+0000 (UTC),-145.7327896,61.13278386,846.9337158
tHKhC8Ez,Katreen Wikstrom Jones,134,MountainHub,Sun Apr 30 2017 21:19:54 GMT+0000 (UTC),-145.7369867,61.13495791,817.7476196
tNy871nP,Katreen Wikstrom Jones,160,MountainHub,Sun Mar 19 2017 01:19:19 GMT+0000 (UTC),-145.7027707,61.15438536,813.0973511
tP0iVbKD,Gabriel Wolken,69,MountainHub,Sun Apr 30 2017 18:30:57 GMT+0000 (UTC),-145.7350696,61.13286625,832.9208984
TPvTHTOC,Sarah Carter,70,MountainHub,Sun Mar 19 2017 23:51:40 GMT+0000 (UTC),-146.008953,61.05983999,55.16813278
tWgULXXe,Katreen Wikstrom Jones,44,MountainHub,Sun Apr 30 2017 19:50:57 GMT+0000 (UTC),-145.7192073,61.13096079,940.2232056
Ty5g/w30,Kevin Salys,169.9999936,MountainHub,Mon May 01 2017 18:54:18 GMT+0000 (UTC),-145.7287619,61.1357265,826.7186279
ty5OTXJq,Gabriel Wolken,72,MountainHub,Sun Mar 19 2017 00:32:38 GMT+0000 (UTC),-145.7489182,61.141256,790.7044067
TZDjGORF,Peter Biskind,80,MountainHub,Sat Apr 29 2017 02:40:04 GMT+0000 (UTC),-145.6953149,61.14327862,1337.484741
u3i+lQNk,Gabriel Wolken,73,MountainHub,Sun Mar 19 2017 00:28:04 GMT+0000 (UTC),-145.7392864,61.14013236,752.3963013
U4sg6LVd,Katreen Wikstrom Jones,53,MountainHub,Sun Apr 30 2017 19:58:06 GMT+0000 (UTC),-145.7236952,61.13065599,909.0739136
u5lNGsSO,Kevin Salys,42.99999838,MountainHub,Mon May 01 2017 19:21:48 GMT+0000 (UTC),-145.726949,61.13403662,870.4121094
uc5sVP2S,Bobby Liebs,145,MountainHub,Sat Mar 18 2017 20:40:32 GMT+0000 (UTC),-145.8541477,61.26047452,953.7998657
udTxSxa1,Katreen Wikstrom Jones,112,MountainHub,Fri Mar 17 2017 22:55:11 GMT+0000 (UTC),-145.7691412,61.13307073,877.1229858
UGd1u5cA,Katreen Wikstrom Jones,79,MountainHub,Sun Apr 30 2017 19:39:43 GMT+0000 (UTC),-145.7124962,61.13072732,940.2033081
UknvXnG8,Katreen Wikstrom Jones,182,MountainHub,Sun Apr 30 2017 23:34:11 GMT+0000 (UTC),-145.7432495,61.14742692,776.9096069
u+P81dHU,Gabriel Wolken,125,MountainHub,Sat Mar 18 2017 23:55:44 GMT+0000 (UTC),-145.7147785,61.14145284,829.4606934
Uqn68tV+,Katreen Wikstrom Jones,283,MountainHub,Fri Mar 17 2017 21:40:11 GMT+0000 (UTC),-145.753479,61.13750731,809.4285889
uQVnwYHo,Katreen Wikstrom Jones,136,MountainHub,Sat Mar 18 2017 22:32:28 GMT+0000 (UTC),-145.7271144,61.14254622,743.6654053
uTn3Wf/t,Katreen Wikstrom Jones,65,MountainHub,Sat Mar 18 2017 18:23:01 GMT+0000 (UTC),-145.7463903,61.14360259,753.2399902
UWZNtUZJ,Katreen Wikstrom Jones,89,MountainHub,Sun Apr 30 2017 23:13:02 GMT+0000 (UTC),-145.7464142,61.14841271,773.7885132
UZROvjaH,Naomi F. Ray,85,MountainHub,Sun Apr 30 2017 23:20:00 GMT+0000 (UTC),-145.7242629,61.15777572,706.7220459
v0Mm6krW,Katreen Wikstrom Jones,82,MountainHub,Sun Mar 19 2017 00:58:20 GMT+0000 (UTC),-145.7180553,61.14896667,743.9334106
V5GPx4Tt,Bobby Liebs,98,MountainHub,Sun Mar 19 2017 03:51:41 GMT+0000 (UTC),-145.6946026,61.17949851,697.5952148
v98yewGB,Max Wittenberg,200,SnowPilot,Thu Mar 16 2017 01:53:11 GMT+0000 (UTC),-145.749092,61.183034,960.0286865
V9tAovDk,Gabriel Wolken,70,MountainHub,Fri Mar 17 2017 21:59:39 GMT+0000 (UTC),-145.75397,61.13528653,837.5929565
VBjPUscm,Katreen Wikstrom Jones,100,MountainHub,Sat Mar 18 2017 18:54:35 GMT+0000 (UTC),-145.7501729,61.14315713,778.5513306
VDuiIyWA,Katreen Wikstrom Jones,104,MountainHub,Sun Mar 19 2017 00:31:53 GMT+0000 (UTC),-145.7418286,61.13973811,779.156189
vhbmc4eh,Katreen Wikstrom Jones,63,MountainHub,Sun Apr 30 2017 20:43:11 GMT+0000 (UTC),-145.7260938,61.1326223,892.9765625
vI80+Jcw,Katreen Wikstrom Jones,70,MountainHub,Sun Mar 19 2017 00:43:36 GMT+0000 (UTC),-145.7401819,61.13953695,785.2380981
VIg7/maH,Gabriel Wolken,178,MountainHub,Sun Apr 30 2017 22:26:39 GMT+0000 (UTC),-145.7500033,61.14468461,819.8230591
VK+2fLJB,Gabriel Wolken,67,MountainHub,Sun Apr 30 2017 22:56:25 GMT+0000 (UTC),-145.7555675,61.14182353,804.5366211
VkrNrCNj,Benjamin Stolen,59.99999774,MountainHub,Sat Apr 08 2017 22:00:48 GMT+0000 (UTC),-145.868708,61.0450981,1213.170898
vLcecAxf,Katreen Wikstrom Jones,127,MountainHub,Sat Mar 18 2017 19:26:59 GMT+0000 (UTC),-145.7486542,61.14222087,753.4714966
vo5mGNXy,Katreen Wikstrom Jones,150,MountainHub,Sun Apr 30 2017 20:26:10 GMT+0000 (UTC),-145.7269168,61.13227843,879.6038818
VO8uljwq,Katreen Wikstrom Jones,47,MountainHub,Sun Apr 30 2017 21:16:17 GMT+0000 (UTC),-145.7341782,61.13529223,821.4632568
Vp3sOfrv,Bobby Liebs,95,MountainHub,Wed Mar 22 2017 22:30:43 GMT+0000 (UTC),-145.6220142,61.21142019,991.1348267
#NAME?,Kevin Salys,167.9999937,MountainHub,Mon May 01 2017 19:44:43 GMT+0000 (UTC),-145.7338603,61.13214011,833.2020874
vzExkGJk,Naomi F. Ray,55,MountainHub,Fri May 05 2017 22:10:08 GMT+0000 (UTC),-145.7879311,61.14093043,1434.498901
VzZiKFjo,Katreen Wikstrom Jones,78,MountainHub,Sat Mar 18 2017 19:21:44 GMT+0000 (UTC),-145.7512654,61.14210667,769.6588745
w3RXWglK,Kevin Salys,204.9999923,MountainHub,Mon May 01 2017 19:19:23 GMT+0000 (UTC),-145.7266221,61.13413477,870.8278198
W4i8wsVM,Jason Champion,255,SnowPilot,Mon Apr 10 2017 01:46:55 GMT+0000 (UTC),-145.618973,61.287762,1164.283447
w9yTUCY2,Katreen Wikstrom Jones,150,MountainHub,Sun Apr 30 2017 23:14:47 GMT+0000 (UTC),-145.7464488,61.14860734,775.9770508
/WA4ISiZ,Bobby Liebs,78,MountainHub,Sun Mar 19 2017 03:47:31 GMT+0000 (UTC),-145.6922416,61.17596408,666.8294678
wA6UuACA,Katreen Wikstrom Jones,0,MountainHub,Fri Mar 17 2017 20:24:44 GMT+0000 (UTC),-145.7564782,61.1413738,806.347229
wbCiB4tM,Katreen Wikstrom Jones,196,MountainHub,Sun Apr 30 2017 18:11:36 GMT+0000 (UTC),-145.7362817,61.13214168,824.1998291
WHwD71yw,Gabriel Wolken,174,MountainHub,Fri Mar 17 2017 21:48:17 GMT+0000 (UTC),-145.755458,61.13734785,812.8463135
WjvpDbSh,Sarah Carter,118,MountainHub,Thu Mar 16 2017 22:06:38 GMT+0000 (UTC),-146.3259917,61.07657461,156.1623535
WkD/mCRL,Kevin Salys,74.99999717,MountainHub,Mon May 01 2017 19:10:33 GMT+0000 (UTC),-145.7243867,61.13510187,862.8842773
WLiIIKjh,Gabriel Wolken,106,MountainHub,Sun Apr 30 2017 22:41:01 GMT+0000 (UTC),-145.7506898,61.14469194,829.4841919
WoeRVfCK,AK Rendezvous,107,SnowPilot,Sat Mar 18 2017 01:46:35 GMT+0000 (UTC),-145.128021,61.151633,1192.881348
wu+6gycN,Katreen Wikstrom Jones,88,MountainHub,Sun Apr 30 2017 22:32:14 GMT+0000 (UTC),-145.7475374,61.14602689,809.2103271
wUOrMfxQ,Katreen Wikstrom Jones,86,MountainHub,Sat Mar 18 2017 18:24:47 GMT+0000 (UTC),-145.7453423,61.14390031,749.7612915
WvmW35Gh,Katreen Wikstrom Jones,137,MountainHub,Sat Mar 18 2017 22:22:43 GMT+0000 (UTC),-145.725845,61.14396138,728.3725586
x3F7/tbe,Gabriel Wolken,86,MountainHub,Sun Apr 30 2017 20:48:44 GMT+0000 (UTC),-145.7217835,61.13322688,931.0664673
#NAME?,Max Wittenberg,120,SnowPilot,Wed Apr 12 2017 04:50:56 GMT+0000 (UTC),-145.92659,61.289813,1539.513184
XcXJ7xuQ,Kevin Salys,134.9999949,MountainHub,Mon May 01 2017 19:05:38 GMT+0000 (UTC),-145.7256413,61.13545914,846.6008911
xf8Y9MeD,Katreen Wikstrom Jones,35,MountainHub,Sun Apr 30 2017 19:48:27 GMT+0000 (UTC),-145.7172322,61.13085556,945.8883057
xF/oOzBq,Katreen Wikstrom Jones,52,MountainHub,Sat Mar 18 2017 18:20:46 GMT+0000 (UTC),-145.7474565,61.14321329,754.9019165
xHCJUOsN,Gabriel Wolken,156,MountainHub,Sat Mar 18 2017 19:13:00 GMT+0000 (UTC),-145.7444835,61.14590845,788.7432861
XhHtQInp,Katreen Wikstrom Jones,232,MountainHub,Sat Mar 18 2017 18:32:39 GMT+0000 (UTC),-145.7450674,61.14346085,738.6397095
xjZy/tWY,Katreen Wikstrom Jones,169,MountainHub,Sat Mar 18 2017 22:26:57 GMT+0000 (UTC),-145.7257538,61.14336576,739.2335815
xmj1t0mB,Katreen Wikstrom Jones,78,MountainHub,Sat Mar 18 2017 23:52:07 GMT+0000 (UTC),-145.7146979,61.1399047,872.9731445
XOskb8Ct,Gabriel Wolken,66,MountainHub,Sun Mar 19 2017 01:00:18 GMT+0000 (UTC),-145.7192637,61.14837726,744.989502
XrrTu3ax,Bobby Liebs,105,MountainHub,Sat Mar 18 2017 20:34:10 GMT+0000 (UTC),-145.8577413,61.26227391,971.2420654
xUmtyry8,Kevin Salys,123.9999953,MountainHub,Mon May 01 2017 19:13:58 GMT+0000 (UTC),-145.7249968,61.13480444,865.1915894
xYX31AI1,Gabriel Wolken,17,MountainHub,Fri Mar 17 2017 20:17:04 GMT+0000 (UTC),-145.7561591,61.14155376,806.4446411
Y79XlYNx,Bobby Liebs,114,MountainHub,Sun Mar 19 2017 03:54:59 GMT+0000 (UTC),-145.7010273,61.17965299,713.8011475
y7eLLXTH,Katreen Wikstrom Jones,200,MountainHub,Sat Mar 18 2017 19:04:43 GMT+0000 (UTC),-145.7508102,61.14375066,803.8526001
y81rllvd,Gabriel Wolken,178,MountainHub,Sun Mar 19 2017 00:30:25 GMT+0000 (UTC),-145.7394239,61.13982151,786.6240234
YArsaSYH,Max Wittenberg,125,SnowPilot,Tue Mar 21 2017 04:55:42 GMT+0000 (UTC),-145.754757,61.199413,917.029541
Ye+CD6fd,Katreen Wikstrom Jones,45,MountainHub,Fri Mar 17 2017 23:14:24 GMT+0000 (UTC),-145.7727616,61.13290271,897.8286133
YFFql4TL,Katreen Wikstrom Jones,90,MountainHub,Sun Apr 30 2017 19:15:42 GMT+0000 (UTC),-145.7163415,61.128243,858.8717041
YHeClsVB,Naomi F. Ray,87,MountainHub,Sat Apr 29 2017 21:20:45 GMT+0000 (UTC),-145.7549981,61.14057806,792.7923584
YIxF0C9D,Katreen Wikstrom Jones,32,MountainHub,Sun Apr 30 2017 20:40:58 GMT+0000 (UTC),-145.7259435,61.13256199,895.0713501
yjjf3sPZ,Kevin Salys,80.99999695,MountainHub,Mon May 01 2017 19:39:05 GMT+0000 (UTC),-145.7331061,61.13302519,847.6617432
yKP9le8t,Bobby Liebs,101,MountainHub,Sun Mar 19 2017 04:03:14 GMT+0000 (UTC),-145.7083546,61.18062776,810.6313477
YMK0FBU8,Katreen Wikstrom Jones,179,MountainHub,Fri Mar 17 2017 20:32:55 GMT+0000 (UTC),-145.760285,61.13956649,822.1508179
YNEiKxhe,Katreen Wikstrom Jones,65,MountainHub,Sun Apr 30 2017 22:55:44 GMT+0000 (UTC),-145.7507341,61.147808,819.8533936
YQ8VqhpP,Katreen Wikstrom Jones,99,MountainHub,Sun Apr 30 2017 22:30:20 GMT+0000 (UTC),-145.7473222,61.14622835,806.3024902
YRs3ra0y,Bobby Liebs,138,MountainHub,Sat Mar 18 2017 20:46:55 GMT+0000 (UTC),-145.8635387,61.26186823,990.3696899
YubxeKH0,Katreen Wikstrom Jones,0,MountainHub,Sat Mar 18 2017 19:06:32 GMT+0000 (UTC),-145.7513294,61.1437157,809.4165649
yVSuG9Ix,Katreen Wikstrom Jones,87,MountainHub,Sat Mar 18 2017 18:15:29 GMT+0000 (UTC),-145.7481895,61.1428488,754.6868896
YWn1CGVP,Jason Champion,260,SnowPilot,Sun Apr 09 2017 18:24:20 GMT+0000 (UTC),-145.653305,61.233286,1262.385376
Z0cP17qa,Katreen Wikstrom Jones,140,MountainHub,Sun Apr 30 2017 18:25:14 GMT+0000 (UTC),-145.7343419,61.13191771,833.4516602
zB9Tqv7i,Gabriel Wolken,192,MountainHub,Sun Apr 30 2017 22:33:05 GMT+0000 (UTC),-145.7499535,61.14505664,828.8778076
ZDtPqJRR,Kevin Salys,127.9999952,MountainHub,Mon May 01 2017 18:45:05 GMT+0000 (UTC),-145.7333786,61.13537184,822.5681152
ZeW3fHC2,Katreen Wikstrom Jones,80,MountainHub,Sun Apr 30 2017 23:37:34 GMT+0000 (UTC),-145.7446045,61.14695355,787.3140259
zFiTf4KQ,Katreen Wikstrom Jones,147,MountainHub,Fri Mar 17 2017 22:35:05 GMT+0000 (UTC),-145.7612532,61.13405099,857.8074341
zI7myvew,Kevin Salys,89.99999661,MountainHub,Mon May 01 2017 18:31:24 GMT+0000 (UTC),-145.7379379,61.13358598,818.0685425
zI+eeAjn,Katreen Wikstrom Jones,250,MountainHub,Sat Mar 18 2017 23:11:11 GMT+0000 (UTC),-145.7303542,61.14088145,767.2901001
zNZyZ7FZ,Bobby Liebs,280,MountainHub,Wed Apr 05 2017 19:33:09 GMT+0000 (UTC),-145.673786,61.15746044,1224.682861
/zqsdz+U,Katreen Wikstrom Jones,99,MountainHub,Sun Mar 19 2017 01:11:30 GMT+0000 (UTC),-145.7140777,61.15195822,741.2542114
zRWjW2E0,Katreen Wikstrom Jones,75,MountainHub,Sun Apr 30 2017 18:40:02 GMT+0000 (UTC),-145.7294176,61.12941852,843.689209
zt4srjRG,Max Wittenberg,200,SnowPilot,Sun Mar 19 2017 01:36:29 GMT+0000 (UTC),-145.750122,61.185516,955.7406616